total,win,loss,be,no_hit,winrate_WL,expectancy_R,total_R,maxDD_R
224,101,123,0,0,0.45089285714285715,0.35267857142857145,79.0,-25.0
