segment,trades,expectancy_R,winrate_WL_%
early_33%,190,0.041579,20.588235
mid_33%,190,0.024211,22.222222
late_33%,190,0.056842,22.330097
