trades,sum_R,expectancy_R,median_R,max_drawdown_R
1142,19.099999999999998,0.016725043782837127,0.7,-39.49999999999993
