total,win,loss,be,no_hit,winrate_WL,expectancy_R,total_R,maxDD_R
200,84,115,0,1,0.4221105527638191,0.2651985088923439,53.03970177846878,-25.0
