{
  "ok": false,
  "reason": "max_daily_loss breached: -14.07% <= -5.00%; max_drawdown breached: -22.29% <= -10.00%",
  "rules": {
    "initial_equity": 10000.0,
    "max_daily_loss_pct": 0.05,
    "max_total_loss_pct": 0.1,
    "max_drawdown_pct": 0.1,
    "profit_target_pct": 0.1,
    "min_trading_days": null
  },
  "details": {
    "min_equity": 10000.0,
    "total_loss_pct": 0.0,
    "worst_day_pnl_pct": -0.14071030842065416,
    "max_drawdown_pct": -0.22287380569579573,
    "peak_equity": 19374.400728734436,
    "trough_equity": 15056.354305245994,
    "max_dd_pct": -0.22287380569579573,
    "profit_target_equity": 11000.0
  }
}